filename,geom_number,geom_max_strength,geom_energy_eV,geom_energy_nm,mode_num,modal_frequency_cm,m_displacement,m_frequency_rad,m_mass
Geometry-100-.log,100,1.3178956287,2.7266,454.77884544854396,2,8.6795,7.3027,133535506688892.78,3.821066384944e-27
Geometry-131-.log,131,1.4539865341,3.0344,408.64750856841545,3,9.7237,3.3353,165120915226809.75,2.312134559296e-27
Geometry-133-.log,133,1.1871508089,3.0819,402.34920016872707,4,11.7471,6.6226,165180984875291.22,2.310141912448e-27
Geometry-138-.log,138,1.1610554354,3.1713,391.00684261974584,2,8.6795,-6.3222,174812811126536.97,5.6076403380799996e-27
Geometry-136-.log,136,1.3395459687,3.1211,397.2958251898369,2,8.6795,4.6442,171766682830979.12,5.5207941462880004e-27
Geometry-137-.log,137,1.8271909829,3.1064,399.1758949266032,4,11.7471,4.4654,174784236132260.9,5.5536728192799996e-27
Geometry-132-.log,132,1.2186526607,3.1291,396.28008053433894,2,8.6795,3.4837,165127244296075.9,2.310141912448e-27
Geometry-1-.log,1,1.691957794,2.8816,430.3164908384231,1,7.3072,-7.5275,1376421873263.925,9.713157060576001e-27
Geometry-2-.log,2,0.809620089,3.0209,410.473699890761,1,7.3072,-3.8336,1634915377845.7192,9.704522257567999e-27
Geometry-59-.log,59,1.2251883113,3.167,391.5377328702242,1,7.3072,7.456,81514569498914.47,5.653471215583999e-27
Geometry-3-.log,3,1.7172565554,2.8874,429.4521022373069,4,11.7471,-4.8061,1831606274504.1091,1.1095057649664001e-26
Geometry-49-.log,49,1.3975559642,3.2283,384.10308831273426,1,7.3072,3.0359,64928904429665.98,1.0600050961840001e-26
Geometry-4-.log,4,1.0042728277,3.128,396.4194373401534,10,49.8773,-1.5427,2212744332633.383,9.878048587248e-27
Geometry-69-.log,69,1.6328226191,2.785,445.2423698384201,1,7.3072,-10.3648,94541640027203.08,6.115931338224e-27
Geometry-5-.log,5,0.7237341761,2.5619,484.01576954604,4,11.7471,8.6008,3340731400684.9434,1.1185723081248001e-26
Geometry-50-.log,50,1.4140251547,3.0295,409.30846674368706,4,11.7471,4.2953,68357300974293.48,1.0170303458287999e-26
Geometry-6-.log,6,1.3505503233,3.0632,404.8054322277357,5,17.7354,-4.4714,3434800959956.348,1.1195520261584001e-26
Geometry-60-.log,60,1.1847873035,3.3094,374.6902761829939,5,17.7354,-4.1936,81521143442884.38,5.6469951133279996e-27
Geometry-7-.log,7,1.6532455874,3.0938,400.80160320641284,3,9.7237,11.7555,5302121268176.633,1.0480658204864e-26
Geometry-51-.log,51,0.8970548737,3.1134,398.2784094559003,1,7.3072,8.2751,68396970676301.0,1.0171299781711999e-26
Geometry-8-.log,8,1.236268236,3.0575,405.56009811937855,3,9.7237,3.4607,5410092176014.776,1.0566342019327999e-26
Geometry-79-.log,79,1.6595476211,3.2108,386.1965865204933,4,11.7471,-6.5168,109001246408945.72,8.311828164719998e-27
Geometry-9-.log,9,0.8131686219,3.2105,386.23267403831176,4,11.7471,4.6228,8686289674003.719,9.990965241968e-27
Geometry-52-.log,52,1.2763710869,3.1625,392.09486166007906,1,7.3072,-3.9271,76580325381833.25,9.861775304656e-27
Geometry-10-.log,10,0.8698661093,2.7694,447.75041525240124,1,7.3072,-6.6831,9395145431813.389,9.789873964224001e-27
Geometry-61-.log,61,0.6147391533,3.2836,377.63430381288833,2,8.6795,-6.4405,81862404597333.72,9.471050468544001e-27
Geometry-11-.log,11,1.039198151,3.01,411.96013289036546,2,8.6795,3.6949,11133040040843.88,9.100252100912001e-27
Geometry-53-.log,53,1.3156158072,2.8153,440.4503960501545,2,8.6795,6.2715,78455104950260.08,1.0232739726192001e-26
Geometry-12-.log,12,1.2968998156,3.2849,377.4848549423118,3,9.7237,3.2378,11215054230084.508,9.376731851072e-27
Geometry-70-.log,70,1.5548532746,2.9102,426.08755411999175,2,8.6795,6.9977,95242414919788.98,6.030081469856e-27
Geometry-13-.log,13,1.6992962496,3.2114,386.1244317120259,2,8.6795,-3.5302,11986541402507.195,7.01411690496e-27
Geometry-54-.log,54,1.2431316367,3.1573,392.7406328191809,5,17.7354,4.0693,78465276668723.55,1.0227592055168e-26
Geometry-14-.log,14,1.2598734853,3.1138,398.2272464512814,1,7.3072,3.4958,12084905687352.064,7.462462445759997e-27
Geometry-62-.log,62,1.3675442304,3.1353,395.49644372149396,1,7.3072,5.6249,84759121650572.62,8.319964806015999e-27
Geometry-15-.log,15,0.7307938268,3.3085,374.7922019041862,2,8.6795,-4.8387,12173098253733.465,7.460303745008001e-27
Geometry-55-.log,55,1.4515596868,3.0125,411.61825726141075,3,9.7237,-5.7865,78869828515834.47,5.1035006855360004e-27
Geometry-16-.log,16,1.0690272501,2.7356,453.28264366135403,2,8.6795,6.3341,12744372101066.89,8.315813458416e-27
Geometry-89-.log,89,1.0460403234,2.8069,441.76849905589796,2,8.6795,-4.8825,116418143291740.0,1.2404890844415997e-26
Geometry-17-.log,17,0.5456760457,3.011,411.82331451345067,1,7.3072,9.4278,12873910819350.725,8.668179842704001e-27
Geometry-56-.log,56,1.4962095082,2.9702,417.48030435660894,1,7.3072,-6.0345,78919180186897.97,5.108814410464e-27
Geometry-18-.log,18,1.2855081823,3.1713,391.00684261974584,4,11.7471,-2.7985,14240273993245.22,1.0137258731392001e-26
Geometry-63-.log,63,1.4433541913,2.9717,417.26957633677694,2,8.6795,-4.1736,84760176495450.31,8.337234412032e-27
Geometry-19-.log,19,1.1348575658,3.0363,408.3917926423607,3,9.7237,2.6309,17726084237644.29,8.731944541840001e-27
Geometry-57-.log,57,1.4527488823,2.8325,437.7758164165931,1,7.3072,-4.5552,78936434435254.52,5.1063236019039985e-27
Geometry-20-.log,20,1.9493420123,2.9596,418.9755372347615,1,7.3072,-5.0403,18332921426568.508,1.0424199877503999e-26
Geometry-71-.log,71,1.5188484753,2.8534,434.56928576435126,2,8.6795,8.7757,99105087333259.52,1.1991084515647997e-26
Geometry-21-.log,21,1.3513456348,3.1184,397.6398152898923,4,11.7471,-6.0302,18364510263352.28,1.0374051598496e-26
Geometry-58-.log,58,1.0866536949,3.2476,381.82042123414215,7,28.1481,-1.8608,81360637492833.98,6.621731529807999e-27
Geometry-22-.log,22,0.824270133,3.1391,395.0176802268166,3,9.7237,-7.9172,23935164898964.46,9.696053508463999e-27
Geometry-80-.log,80,1.2804885699,3.1776,390.23162134944613,2,8.6795,3.7474,110439075323303.92,1.0508223152928e-26
Geometry-23-.log,23,1.0258791929,2.8399,436.6350927849572,4,11.7471,-3.998,23966923264389.29,9.709835982496e-27
Geometry-64-.log,64,1.5340923349,3.2179,385.3444793188104,2,8.6795,4.9041,85333013773584.61,5.7926243871359985e-27
Geometry-24-.log,24,0.6440286201,3.0659,404.4489383215369,1,7.3072,10.1236,24407697731139.56,8.352179263391999e-27
Geometry-72-.log,72,1.6983878669,3.0552,405.8654097931395,1,7.3072,-2.9016,99112678449075.78,1.2000383534272001e-26
Geometry-25-.log,25,1.304234693,2.8804,430.495764477156,2,8.6795,5.4201,24442808996354.2,8.350518724352e-27
Geometry-65-.log,65,0.9158273516,2.802,442.5410421127766,2,8.6795,-5.7024,86632318951682.9,6.2316709093120006e-27
Geometry-26-.log,26,1.205149045,2.8466,435.6073912738003,4,11.7471,6.317,24529306276325.023,7.832762651679999e-27
Geometry-129-.log,129,1.7182604933,3.0665,404.36980270666885,6,18.2348,-2.6798,162235368227364.97,2.098423184848e-27
Geometry-27-.log,27,1.4242974047,3.1198,397.4613757292134,4,11.7471,-2.181,26416838165862.53,1.0814426551904001e-26
Geometry-66-.log,66,1.460321937,2.9467,420.8097193470662,2,8.6795,-7.9894,86653528868330.8,6.238977281088e-27
Geometry-28-.log,28,1.2725274734,2.7011,459.0722298322906,3,9.7237,8.568,31692305764361.742,1.5873258737264e-26
Geometry-73-.log,73,1.2753273264,3.3114,374.4639729419581,5,17.7354,-5.5998,103044480875066.58,1.0054895995007999e-26
Geometry-29-.log,29,1.5007621231,3.1068,399.12450109437367,2,8.6795,6.9093,33031261807951.89,8.562071398047999e-27
Geometry-67-.log,67,0.8191183059,3.1935,388.28871144512294,2,8.6795,4.5425,87483371566308.72,8.451479497984e-27
Geometry-30-.log,30,0.9101875045,2.9687,417.69124532623704,1,7.3072,9.2216,33058141515817.395,8.554931080176e-27
Geometry-81-.log,81,1.8090174956,3.1121,398.4447800520549,1,7.3072,-6.5125,110445442065601.44,1.0511710284912e-26
Geometry-31-.log,31,1.4482858912,3.1214,397.25764080220415,4,11.7471,-4.195,35878589517095.96,1.0691878770752e-26
Geometry-68-.log,68,1.3079136966,3.0979,400.27115142515896,3,9.7237,-8.5105,94516229567560.08,6.1136065835680006e-27
Geometry-32-.log,32,1.7840991267,2.8222,439.3735383743179,3,9.7237,-5.6624,36760383325300.25,1.1821709533568001e-26
Geometry-90-.log,90,1.4258860817,2.9714,417.3117049202396,3,9.7237,3.8046,118480760594458.88,1.8259785445552e-26
Geometry-33-.log,33,1.3326955325,2.9415,421.5536291007989,1,7.3072,5.9561,36771591052125.74,1.1813738946176001e-26
Geometry-74-.log,74,1.342578458,3.2587,380.51983919968086,4,11.7471,4.6708,105616512907648.48,9.33970183048e-27
Geometry-34-.log,34,0.9259764157,3.2997,375.7917386429069,2,8.6795,-7.9967,37170812165301.18,8.526203754784e-27
Geometry-82-.log,82,1.7652771138,2.9507,420.2392652590911,1,7.3072,-3.2652,113982977382038.8,1.3170067234047998e-26
Geometry-35-.log,35,1.7989997138,2.8736,431.51447661469933,2,8.6795,6.9284,44933660494947.41,9.969876396159999e-27
Geometry-75-.log,75,1.4570568842,2.9956,413.94044598744824,3,9.7237,3.0577,107828597962233.28,8.164206244064001e-27
Geometry-36-.log,36,1.1217208969,2.9025,427.21791559000866,2,8.6795,5.2618,44973028812704.16,9.968381911023999e-27
Geometry-37-.log,37,1.2746456765,3.3687,368.0945171727966,1,7.3072,4.854,47708787839516.52,8.390039553504001e-27
Geometry-76-.log,76,1.0084735224,3.0163,411.0996916752312,2,8.6795,-2.1608,107837790181881.72,8.165866783104e-27
Geometry-38-.log,38,1.619723437,3.1452,394.2515579295434,3,9.7237,-5.0984,48284770815768.22,9.270623406416001e-27
Geometry-83-.log,83,1.2273945658,2.9694,417.5927796861319,4,11.7471,-3.1688,113988195096880.23,1.3156616867823998e-26
Geometry-39-.log,39,1.6077928515,3.2044,386.96791911122205,4,11.7471,3.8977,48343597254215.27,9.273114214975997e-27
Geometry-77-.log,77,1.3448188377,2.6209,473.11992063794884,1,7.3072,6.7628,108558720146237.86,6.915480885984e-27
Geometry-40-.log,40,1.7831766569,2.8056,441.9731964642144,2,8.6795,4.918,52601214891803.48,8.238764446959999e-27
Geometry-91-.log,91,1.3182421795,3.1831,389.55734975338504,2,8.6795,6.9468,120612865803495.78,9.733083529056e-27
Geometry-41-.log,41,1.0745722034,3.2617,380.1698500781801,1,7.3072,-2.9985,53906623100979.86,8.640282786831999e-27
Geometry-78-.log,78,1.6629660382,3.3377,371.5133175540043,1,7.3072,-2.8893,108990942834872.56,8.314983188895999e-27
Geometry-42-.log,42,0.9828152555,3.3552,369.57558416785884,2,8.6795,-4.8935,53920072373170.445,8.636629600944e-27
Geometry-99-.log,99,1.346706797,3.1811,389.8022696551508,1,7.3072,6.3857,127864943174150.52,1.1929644571167998e-26
Geometry-43-.log,43,1.2006602957,2.8679,432.37211897207015,2,8.6795,7.634,58958181037673.06,1.0797821161504e-26
Geometry-84-.log,84,1.2250144669,3.2004,387.45156855393077,3,9.7237,-3.9303,115252859922655.72,1.1225077856495999e-26
Geometry-44-.log,44,0.8190025015,3.1702,391.1425146678443,3,9.7237,-7.3711,58970650811048.66,1.0672450463984001e-26
Geometry-45-.log,45,1.484214683,3.0015,413.12676994835914,4,11.7471,2.786,58980879039059.13,1.0685568722399999e-26
Geometry-85-.log,85,1.2182022817,3.2237,384.65117721872383,1,7.3072,4.2872,115799439097941.77,1.0445454777215999e-26
Geometry-46-.log,46,1.060799259,3.0651,404.5545006688199,1,7.3072,3.2051,61080321729918.89,1.7214476119872002e-26
Geometry-92-.log,92,1.3902580657,3.0363,408.3917926423607,1,7.3072,-8.715,121049609255892.0,1.195837189656e-26
Geometry-47-.log,47,1.4039538529,3.1287,396.330744398632,8,28.7213,-1.8332,62651946415103.03,1.1539750004576e-26
Geometry-86-.log,86,1.4789047852,2.8086,441.5011037527594,2,8.6795,4.001,115818595834381.3,1.0435325489072001e-26
Geometry-48-.log,48,1.4294157452,3.1301,396.1534775246797,1,7.3072,5.7241,64892625300479.6,1.0605530740672001e-26
Geometry-87-.log,87,0.7053430882,3.0802,402.5712616063892,4,11.7471,-4.1141,115861769128304.0,1.1079780690495998e-26
Geometry-149-.log,149,1.1611300706,2.9459,420.9239960623239,3,9.7237,4.9246,179581632962977.1,5.446734105104e-27
Geometry-88-.log,88,1.3711081616,3.0891,401.41141432779773,1,7.3072,3.587,116404015904985.2,1.2406219275647999e-26
Geometry-93-.log,93,1.1599269713,3.1452,394.2515579295434,1,7.3072,-5.9561,121151533642199.1,1.0102885573264e-26
Geometry-94-.log,94,1.369492407,3.4057,364.09548697771385,1,7.3072,-3.3288,121166508672159.2,1.0104047950592e-26
Geometry-95-.log,95,1.5420971315,3.0126,411.60459403837217,2,8.6795,6.5757,122363456224089.94,1.1279377483104001e-26
Geometry-150-.log,150,1.8713397197,2.9639,418.3676912176524,1,7.3072,-4.8333,179605950904711.06,5.271215128576e-27
Geometry-96-.log,96,1.4723433561,3.1642,391.8842045382719,1,7.3072,-4.6992,122375812978371.48,1.1274727973791998e-26
Geometry-97-.log,97,1.9708381396,3.1595,392.4671625257161,3,9.7237,3.2838,123758017661947.05,7.976565332544001e-27
Geometry-151-.log,151,1.2186581587,3.1869,389.0928488499796,1,7.3072,3.8476,182052136176081.03,9.242892404448001e-27
Geometry-98-.log,98,1.5378043865,3.0315,409.03842982022104,1,7.3072,-2.3345,127858199701539.58,1.1927153762607998e-26
Geometry-101-.log,101,0.84849166,3.1752,390.5265810027715,3,9.7237,3.7585,133588474970965.48,3.86988623272e-27
Geometry-102-.log,102,0.9595662232,3.2162,385.5481624277097,4,11.7471,-3.7418,133744309465128.95,3.5075566141919994e-27
Geometry-103-.log,103,1.4736342363,3.1063,399.1887454527895,3,9.7237,4.7032,134780412009727.2,8.410796291504001e-27
Geometry-104-.log,104,1.227325017,3.0546,405.94513193216784,1,7.3072,-3.6909,134812019683026.64,8.336902304223999e-27
Geometry-105-.log,105,1.457125374,2.7764,446.6215242760409,1,7.3072,3.3073,136406511898237.9,1.1057529467359997e-26
Geometry-106-.log,106,1.5843361469,3.3626,368.762267293166,3,9.7237,5.1061,137514551096191.69,1.124267957032e-26
Geometry-107-.log,107,1.4318850759,3.1827,389.60630910861846,4,11.7471,-1.4685,137980265109693.12,9.479353163744001e-27
Geometry-108-.log,108,1.4023966858,3.0319,408.98446518684653,3,9.7237,-2.3431,137990926577564.08,9.480017379359997e-27
Geometry-109-.log,109,1.6816987866,3.0267,409.6871179832821,2,8.6795,3.4453,139493458923259.31,1.6746868326208e-26
Geometry-199-.log,199,1.3438422216,3.1483,393.86335482641425,1,7.3072,5.4078,227260979328496.6,3.014044411504e-27
Geometry-110-.log,110,0.2947083742,3.0189,410.74563582761937,1,7.3072,7.3571,140620070925666.77,6.340934378144e-27
Geometry-111-.log,111,0.8005720462,3.1806,389.8635477582846,3,9.7237,-4.9249,140631485854164.64,6.3816175846240005e-27
Geometry-299-.log,299,1.6667243461,3.0786,402.78048463587345,2,8.6795,-3.3354,612163326749879.9,1.8179581409920003e-27
Geometry-112-.log,112,1.5507435965,3.1292,396.26741659210023,1,7.3072,-5.1136,140707170974139.12,6.788781757232e-27
Geometry-113-.log,113,1.7527973771,2.8323,437.8067295131165,3,9.7237,9.2357,143121466024474.53,3.1289537130720003e-27
Geometry-114-.log,114,0.9784847557,2.9005,427.5124978451991,2,8.6795,-6.4842,143160344592823.8,3.1420719714880003e-27
Geometry-200-.log,200,1.3460344978,3.1597,392.4423204734627,2,8.6795,-5.9196,227278177067306.16,3.008564632672e-27
Geometry-115-.log,115,0.9998876161,2.9904,414.66024612092025,3,9.7237,-3.2398,143194382176645.06,3.1498765049760003e-27
Geometry-116-.log,116,1.5538883675,3.0593,405.3214787696532,2,8.6795,-7.0763,146280801779227.66,2.9550952755840003e-27
Geometry-117-.log,117,0.8801200468,3.1506,393.5758268266362,4,11.7471,-3.982,146330153450291.12,2.949781550656e-27
Geometry-201-.log,201,0.0887209247,3.0965,400.4521233650896,1,7.3072,6.9252,227577753012570.9,3.041609359568e-27
Geometry-118-.log,118,1.3226310308,3.0677,404.2116243439711,2,8.6795,6.2753,146404859071450.6,3.0548936718879998e-27
Geometry-398-.log,398,1.6821646839,3.0976,400.3099173553719,2,8.6795,3.1961,nan,nan
Geometry-498-.log,498,1.0324053017,3.2471,381.879215299806,5,17.7354,2.6803,nan,nan
Geometry-120-.log,120,1.4094594348,3.1261,396.6603755478072,6,18.2348,-2.8054,146600984872638.8,3.846804740064e-27
Geometry-300-.log,300,1.4012365474,2.642,469.3414080242241,1,7.3072,7.1213,612173215920608.4,1.816795763664e-27
Geometry-121-.log,121,1.5474401637,3.0728,403.540744597761,1,7.3072,5.8354,146616223613818.34,3.9912716365440004e-27
Geometry-198-.log,198,1.7982398273,3.0882,401.5283984197915,3,9.7237,3.9207,223877149979951.6,2.010414615728e-27
Geometry-122-.log,122,1.7222545351,2.9442,421.1670402825895,4,11.7471,3.7276,149063708604769.75,1.1951231578687999e-26
Geometry-202-.log,202,0.8141408307,3.3125,374.33962264150944,4,11.7471,-3.181,232364055135555.7,1.0044932760768e-26
Geometry-123-.log,123,1.3044061897,3.0601,405.2155158328159,3,9.7237,-5.0514,152991084449577.34,1.0990775797952001e-26
Geometry-399-.log,399,1.4621953433,3.0941,400.76274199282506,1,7.3072,2.4265,nan,nan
Geometry-203-.log,203,1.2700919803,3.226,384.37693738375697,1,7.3072,-5.7072,232387921000913.56,1.0050744647407997e-26
Geometry-125-.log,125,0.794634081,2.5482,486.61800486618006,4,11.7471,8.0346,158616120105937.75,2.43933184976e-27
Geometry-298-.log,298,1.0912585603,3.0924,400.9830552321821,3,9.7237,2.5378,612160802656779.8,1.817626033184e-27
Geometry-119-.log,119,1.110797603,3.3032,375.39355776217,4,11.7471,3.8927,146582675779404.56,4.077287558816e-27
Geometry-204-.log,204,0.956971356,2.9202,424.6284501061571,3,9.7237,-5.9631,237638223014473.47,3.079137541872e-27
Geometry-124-.log,124,1.465869532,3.284,377.58830694275275,4,11.7471,-4.3946,153005400201488.9,1.0974336461456001e-26
Geometry-301-.log,301,1.3926857637,2.9367,422.2426533183505,3,9.7237,7.5756,612947076494005.8,1.821445272976e-27
Geometry-205-.log,205,1.4917664273,2.8801,430.54060622895037,3,9.7237,-7.1819,238480836870077.72,3.5118740156960004e-27
Geometry-127-.log,127,0.8942235089,2.965,418.212478920742,1,7.3072,-3.982,158714032314406.47,2.4590922643360003e-27
Geometry-206-.log,206,1.2416967526,3.1315,395.9763691521635,6,18.2348,-2.6348,238487636852235.72,3.5098813688480004e-27
Geometry-302-.log,302,0.8287017818,3.2014,387.33054288748673,1,7.3072,5.3277,612969981697064.2,1.821445272976e-27
Geometry-207-.log,207,1.5286573135,3.027,409.6465147010241,4,11.7471,-2.7438,240515896350366.88,4.2405185464480005e-27
Geometry-400-.log,400,0.8175696503,3.1612,392.2561052764773,2,8.6795,-4.1895,nan,nan
Geometry-134-.log,134,1.2187696798,3.272,378.97310513447434,2,8.6795,-4.0497,171062686894213.12,7.127697775296001e-27
Geometry-208-.log,208,1.2295224921,3.0063,412.467152313475,1,7.3072,-6.3567,240636110993392.53,4.06666010896e-27
Geometry-135-.log,135,1.4960162742,3.0872,401.6584607411246,2,8.6795,4.984,171081862467168.3,7.185650587792001e-27
Geometry-303-.log,303,0.8760275612,2.9555,419.5567585856877,2,8.6795,-9.4839,612975557305703.6,1.821445272976e-27
Geometry-209-.log,209,0.9640829285,3.4012,364.57720804421973,6,18.2348,2.0269,240649428409973.4,4.0578592520480005e-27
Geometry-499-.log,499,1.3225712114,3.235,383.3075734157651,6,18.2348,-3.3116,nan,nan
Geometry-210-.log,210,1.5944018998,2.8063,441.86295121690483,1,7.3072,-8.7572,244810546577768.4,4.3215528516e-27
Geometry-139-.log,139,1.6353745693,3.1537,393.1889526587817,3,9.7237,5.1469,176433975847941.34,2.457265671392e-27
Geometry-304-.log,304,1.1011973774,3.2112,386.1484803188839,2,8.6795,5.3665,613161473715396.9,1.811814146544e-27
Geometry-140-.log,140,1.2240037458,2.9053,426.8061818056655,1,7.3072,5.1299,176539290807069.56,2.457431725296e-27
Geometry-211-.log,211,0.8051812582,3.2584,380.5548735575743,2,8.6795,-4.9397,246271111166544.0,4.600191302512e-27
Geometry-141-.log,141,1.7850971974,3.0271,409.6329820620396,1,7.3072,5.7133,176570126183226.4,2.456435401872e-27
Geometry-401-.log,401,1.7543324513,2.9911,414.56320417237805,1,7.3072,-7.7857,nan,nan
Geometry-142-.log,142,1.4460956321,3.123,397.0541146333653,4,11.7471,5.3921,177266304965988.1,5.011838930528e-27
Geometry-212-.log,212,1.1545761705,3.0863,401.77558889284904,4,11.7471,5.6848,246276121679713.03,4.597534440048e-27
Geometry-143-.log,143,1.7683305133,3.0628,404.85829959514166,4,11.7471,3.6987,178234897438413.97,3.088104452688e-27
Geometry-305-.log,305,1.1278799596,2.8318,437.8840313581468,6,18.2348,4.662,613178445416018.4,1.811814146544e-27
Geometry-144-.log,144,1.460290726,3.0176,410.9225874867445,2,8.6795,-5.4266,178277241925647.06,3.0545615640799995e-27
Geometry-213-.log,213,0.851870735,3.0075,412.3025768911056,5,17.7354,2.4308,249284106031032.84,2.819263182112e-27
Geometry-145-.log,145,1.3346937629,2.9773,416.48473449098174,2,8.6795,-3.386,178284757695400.62,3.141241701968e-27
Geometry-146-.log,146,1.4986683193,3.0845,402.0100502512563,1,7.3072,-4.4532,178753165330643.34,3.2536601949759995e-27
Geometry-214-.log,214,1.3940856607,2.9236,424.134628540156,4,11.7471,4.9668,249404622058309.28,2.9064414817120003e-27
Geometry-147-.log,147,0.9287336048,3.0625,404.8979591836735,3,9.7237,-3.644,178786637818994.4,3.337517416496e-27
Geometry-306-.log,306,1.6120459958,2.9158,425.26922285479117,2,8.6795,4.5921,613183022689327.0,1.811814146544e-27
Geometry-148-.log,148,0.9913717312,2.9695,417.57871695571646,2,8.6795,2.1896,178867371125169.28,2.6940585384960002e-27
Geometry-307-.log,307,1.363411289,3.0659,404.4489383215369,4,11.7471,4.1763,613449484040038.4,1.8250984588639998e-27
Geometry-152-.log,152,0.8269081728,3.0644,404.64691293564806,3,9.7237,-3.8721,184495213422364.9,2.1821143524640002e-27
Geometry-225-.log,225,1.6042769741,3.0762,403.0947272609063,1,7.3072,5.645,259627820719111.6,1.0291854916015997e-26
Geometry-153-.log,153,1.2311170268,3.0242,410.0257919449772,2,8.6795,-4.4303,184504914227936.6,2.18859045472e-27
Geometry-154-.log,154,1.3849888975,3.3203,373.4602294973346,2,8.6795,-3.7988,184542775624439.5,2.18859045472e-27
Geometry-226-.log,226,1.548614949,3.2892,376.9913656816247,1,7.3072,5.889,260713312607804.7,9.113536413231999e-27
Geometry-155-.log,155,1.3623521419,2.7566,449.8295001088297,1,7.3072,-10.0248,185546517035111.38,2.159032859808e-27
Geometry-308-.log,308,1.0793088316,3.076,403.1209362808843,3,9.7237,-4.938,613453213670141.6,1.8250984588639998e-27
Geometry-156-.log,156,1.3755716214,3.2063,386.73860836478184,6,18.2348,4.2852,185596226599972.62,2.16036129104e-27
Geometry-227-.log,227,1.3327803382,3.1195,397.4995992947588,4,11.7471,7.5078,260755242691693.0,9.120344623295999e-27
Geometry-157-.log,157,1.2695317484,3.2085,386.47342995169083,3,9.7237,-3.9418,185610335150211.75,2.161523668368e-27
Geometry-403-.log,403,1.2936192555,2.9518,420.08266142692594,1,7.3072,6.0265,nan,nan
Geometry-158-.log,158,1.3161856931,3.1981,387.7302148150464,2,8.6795,5.19,186139170327733.72,2.118681761136e-27
Geometry-228-.log,228,1.5784650762,2.9287,423.39604602724756,2,8.6795,-10.2873,263376136645930.88,8.571370416672e-27
Geometry-159-.log,159,0.96967921,3.1017,399.7807653867234,1,7.3072,5.848,186192025590712.44,2.123663378256e-27
Geometry-309-.log,309,1.6606518027,3.0826,402.2578342957244,1,7.3072,-3.9183,613462443562821.5,1.8250984588639998e-27
Geometry-160-.log,160,1.5356939081,2.7459,451.5823591536473,2,8.6795,7.9939,186226986163801.7,2.116855168192e-27
Geometry-229-.log,229,0.5092698968,3.0,413.3333333333333,2,8.6795,-4.8999,264728014539272.75,8.516240520543998e-27
Geometry-161-.log,161,1.1880370249,3.2217,384.88996492535,4,11.7471,-6.0687,189871399870168.16,9.14209768472e-27
Geometry-162-.log,162,1.6084310193,3.1186,397.61431411530816,2,8.6795,5.8608,189876768277135.0,9.170160794496001e-27
Geometry-230-.log,230,1.203802195,3.1003,399.96129406831596,1,7.3072,6.3009,264731725332860.38,8.536665150736e-27
Geometry-163-.log,163,0.7947735019,3.0007,413.23691138734296,1,7.3072,4.4198,189886770466957.4,9.206692653376001e-27
Geometry-310-.log,310,0.9890602807,3.3239,373.0557477661783,1,7.3072,-6.7176,615602403598894.1,1.8159654941440002e-27
Geometry-164-.log,164,1.6582625098,2.6991,459.4123967248342,2,8.6795,9.8453,190031491416873.72,2.1107111737440002e-27
Geometry-231-.log,231,1.5013355624,2.9997,413.3746708004134,1,7.3072,-4.9145,266889504712759.7,6.734980292336e-27
Geometry-165-.log,165,1.1490843538,3.0483,406.7841091756061,2,8.6795,-3.3267,190099359382843.88,2.10805431128e-27
Geometry-404-.log,404,1.4308697835,3.1095,398.7779385753336,3,9.7237,4.0064,nan,nan
Geometry-166-.log,166,1.0532468146,3.1489,393.78830702785103,4,11.7471,-3.1665,190178246710482.8,2.105729556624e-27
Geometry-232-.log,232,1.122414186,3.2258,384.4007688015376,3,9.7237,-2.3885,266911957839442.0,6.739961909456e-27
Geometry-167-.log,167,1.344292379,3.2114,386.1244317120259,1,7.3072,3.1859,193820663746187.88,5.8779760937920005e-27
Geometry-311-.log,311,1.5170510383,3.0087,412.13813274836303,3,9.7237,4.0127,615606528795826.5,1.81579944024e-27
Geometry-168-.log,168,0.8361115978,2.5671,483.0353316972459,3,9.7237,8.5037,193830986156776.75,5.8894338131679986e-27
Geometry-233-.log,233,1.8109127209,3.0412,407.7337892936999,1,7.3072,-5.8768,267418904985751.84,6.491711322976001e-27
Geometry-169-.log,169,1.3579615536,2.4398,508.238380195098,4,11.7471,7.2566,194844786266818.1,4.430152104816e-27
Geometry-170-.log,170,1.4335904068,3.095,400.6462035541195,3,9.7237,2.9964,198926885251364.44,3.0054096084960002e-27
Geometry-234-.log,234,1.1097052489,3.0565,405.6927858661868,3,9.7237,-4.5664,268297553095838.7,1.7268111530864e-26
Geometry-171-.log,171,1.7468293674,3.153,393.27624484617826,1,7.3072,4.8603,198946286862507.7,3.0060738241120003e-27
Geometry-405-.log,405,0.6779010258,2.8188,439.90350503760465,3,9.7237,-6.2349,nan,nan
Geometry-172-.log,172,1.7227929703,2.9814,415.91198765680554,3,9.7237,5.8413,198970284583475.2,2.9733612050240002e-27
Geometry-235-.log,235,1.6066290574,3.1904,388.66599799398193,4,11.7471,1.8211,273616495372511.4,1.3519278594160002e-26
Geometry-173-.log,173,0.8088401547,3.0271,409.6329820620396,2,8.6795,-6.4569,199502585679881.03,3.406761894464e-27
Geometry-312-.log,312,1.3880687265,2.9989,413.48494447964254,2,8.6795,-7.9052,615658969655460.4,1.81579944024e-27
Geometry-174-.log,174,1.2968671052,3.0303,409.2004092004092,3,9.7237,-7.1648,199525114152626.03,3.4006179000159986e-27
Geometry-236-.log,236,1.5431749188,3.086,401.81464679196375,3,9.7237,-3.5711,273622749095714.88,1.3497857640544e-26
Geometry-175-.log,175,0.6200546547,3.0166,411.05880792945703,2,8.6795,-7.1181,199566290775887.4,3.4017802773440006e-27
Geometry-402-.log,402,1.3026450366,2.952,420.05420054200545,1,7.3072,-8.5633,nan,nan
Geometry-176-.log,176,1.4051320055,3.2266,384.3054608566293,1,7.3072,-4.6368,202959990458645.1,7.159248017055999e-27
Geometry-237-.log,237,1.15432855,2.9823,415.78647352714347,4,11.7471,-4.3982,279825463014737.6,5.8279938686880006e-27
Geometry-177-.log,177,1.410862446,2.9557,419.52836891430115,1,7.3072,6.4364,202979994838289.9,7.147458189872001e-27
Geometry-313-.log,313,1.075709374,3.12,397.4358974358974,1,7.3072,8.4708,nan,nan
Geometry-178-.log,178,1.475819112,2.9455,420.98115769818367,1,7.3072,5.3141,208535655607426.28,2.366268132e-27
Geometry-238-.log,238,1.3244627456,3.0483,406.7841091756061,1,7.3072,5.1524,279843301195079.97,5.8279938686880006e-27
Geometry-179-.log,179,0.5912923448,3.1432,394.5024179180453,8,28.7213,3.1599,208539178035857.2,2.368426832752e-27
Geometry-500-.log,500,1.3795620652,3.1359,395.420772346057,1,7.3072,5.5248,nan,nan
Geometry-180-.log,180,0.9054966806,3.2427,382.3973848953033,6,18.2348,2.0856,208603467063849.44,2.366102078096e-27
Geometry-239-.log,239,1.2774437443,2.9993,413.4298002867336,2,8.6795,-6.3274,280508814130325.84,5.5148162057439996e-27
Geometry-181-.log,181,1.7656731609,3.2621,380.1232334998927,3,9.7237,6.0564,212595565176509.72,3.3054690130240005e-27
Geometry-314-.log,314,1.6803391424,3.037,408.2976621666118,1,7.3072,-5.2131,nan,nan
Geometry-182-.log,182,0.5408934901,2.9845,415.47997989613,2,8.6795,-4.6781,212623518565768.62,3.306299282544e-27
Geometry-240-.log,240,0.4434503172,3.0472,406.9309530060383,3,9.7237,-6.3061,282557756122666.06,4.229725042688e-27
Geometry-183-.log,183,1.3318020555,3.0699,403.9219518551093,3,9.7237,-3.674,212719905016467.8,3.180596477216e-27
Geometry-406-.log,406,1.2861272141,3.0657,404.4753237433539,4,11.7471,5.7452,nan,nan
Geometry-184-.log,184,1.2347687874,2.7125,457.14285714285717,4,11.7471,-4.7679,217221681570210.6,2.1880922930080003e-27
Geometry-241-.log,241,1.8784144717,3.1251,396.78730280631015,2,8.6795,4.0307,282594411982165.9,4.2315516356319996e-27
Geometry-185-.log,185,1.3229793028,2.7574,449.6989918038732,1,7.3072,-8.6149,217235338044073.6,2.190749155472e-27
Geometry-315-.log,315,1.9936511662,3.1138,398.2272464512814,3,9.7237,6.3332,nan,nan
Geometry-186-.log,186,1.7551962558,3.1958,388.00926215658046,4,11.7471,-5.4123,217784478985491.12,2.138608229616e-27
Geometry-242-.log,242,0.8106239345,3.2269,384.2697325606619,2,8.6795,7.3103,282720918021426.4,4.2798733216960005e-27
Geometry-187-.log,187,1.3148987166,2.9184,424.890350877193,4,11.7471,-5.7601,220118775353762.97,2.6417515587360003e-27
Geometry-188-.log,188,1.6017399138,3.2556,380.88217225703403,2,8.6795,-4.5435,220134503844350.0,2.655035871056e-27
Geometry-243-.log,243,1.5096835968,3.0134,411.49532089998013,2,8.6795,-5.3043,284424775046635.6,5.971630495648e-27
Geometry-189-.log,189,1.3688403566,3.0401,407.8813196934312,2,8.6795,5.8367,220508408680460.8,1.906132764016e-27
Geometry-316-.log,316,1.8143114972,2.8033,442.3358184996254,1,7.3072,8.9174,nan,nan
Geometry-190-.log,190,1.5810471352,3.0728,403.540744597761,1,7.3072,-2.3814,221227982415688.47,2.790369802816e-27
Geometry-244-.log,244,1.3318024991,2.8164,440.2783695497799,2,8.6795,-6.7512,284448622075477.7,5.9752836815359985e-27
Geometry-191-.log,191,1.471564156,2.9246,423.9896054161253,2,8.6795,6.1585,221241054957565.6,2.72992618176e-27
Geometry-407-.log,407,1.6320552437,2.9866,415.1878390142637,2,8.6795,4.5584,nan,nan
Geometry-192-.log,192,1.3330428612,3.0396,407.94841426503484,2,8.6795,5.4839,221443773539239.3,1.8543239459680002e-27
Geometry-245-.log,245,1.1896092429,3.0022,413.0304443408167,4,11.7471,-3.4133,284839630467819.7,5.3733382795360006e-27
Geometry-193-.log,193,1.4481748933,3.2933,376.52202957519813,3,9.7237,7.8319,221481747954836.3,1.863290856784e-27
Geometry-317-.log,317,1.4666494409,2.8049,442.08349673785165,2,8.6795,-8.0842,nan,nan
Geometry-194-.log,194,1.7088468489,2.9822,415.80041580041575,1,7.3072,3.6485,221493294738943.97,1.873420144928e-27
Geometry-246-.log,246,1.3762232086,3.1198,397.4613757292134,3,9.7237,3.0201,287301789104480.44,7.781618049248001e-27
Geometry-195-.log,195,1.5169209601,3.0183,410.8272868833449,4,11.7471,-3.2021,222714126992748.1,4.60716556648e-27
Geometry-196-.log,196,0.8774891493,3.2174,385.4043637719898,3,9.7237,-7.2407,223729660062231.3,1.9272216098240003e-27
Geometry-247-.log,247,1.3185534852,3.0198,410.6232200808,3,9.7237,5.3222,287306102666569.6,7.782282264864e-27
Geometry-197-.log,197,1.0585447657,2.879,430.7051059395624,3,9.7237,3.2231,223755032848843.0,1.929878472288e-27
Geometry-215-.log,215,1.317169188,3.0309,409.11940347751494,2,8.6795,3.9909,249427960501228.25,2.9054451582880003e-27
Geometry-318-.log,318,1.4037659591,2.9934,414.2446716108773,2,8.6795,-6.1184,nan,nan
Geometry-216-.log,216,1.1492616661,2.8456,435.7604723081248,2,8.6795,6.6967,253305513762080.53,4.281035699024e-27
Geometry-408-.log,408,1.0804280552,3.1092,398.81641579827607,1,7.3072,7.0201,nan,nan
Geometry-217-.log,217,1.0240805619,3.0534,406.10467020370737,1,7.3072,7.6739,253376150695854.62,5.3881170769920004e-27
Geometry-319-.log,319,1.1994417788,3.1676,391.46356863240305,4,11.7471,4.3845,nan,nan
Geometry-218-.log,218,1.359213587,2.8719,431.76990842299523,1,7.3072,-6.7407,253384928512158.28,5.32866977936e-27
Geometry-219-.log,219,1.212022088,3.0109,411.83699226145006,3,9.7237,-1.5142,255813595823952.25,6.834778688639998e-27
Geometry-320-.log,320,1.2881430225,3.0749,403.2651468340434,4,11.7471,3.9882,nan,nan
Geometry-220-.log,220,1.1861972447,3.0693,404.00091226012444,1,7.3072,8.2545,255826875567501.75,5.6702426598879996e-27
Geometry-409-.log,409,0.9232818375,2.32,534.4827586206897,3,9.7237,6.6281,nan,nan
Geometry-221-.log,221,1.4183087866,3.2191,385.2008325308316,2,8.6795,6.3159,255884082065600.9,5.219738418336e-27
Geometry-321-.log,321,1.7154022977,2.8689,432.22140890236676,1,7.3072,-6.391,nan,nan
Geometry-222-.log,222,1.5838454951,3.0884,401.50239606268616,2,8.6795,4.316,255904067608730.1,4.7778689797920006e-27
Geometry-223-.log,223,1.0924218619,3.1915,388.53203822653927,3,9.7237,-4.864,255966228110451.3,5.6561280780479996e-27
Geometry-322-.log,322,1.0033859201,3.2386,382.8814920027172,1,7.3072,5.3941,nan,nan
Geometry-224-.log,224,1.0195212705,3.2656,379.7158255756982,2,8.6795,-6.9034,257170578413041.6,5.6923278291200005e-27
Geometry-410-.log,410,1.6257753752,3.3388,371.39091889301545,4,11.7471,4.3778,nan,nan
Geometry-248-.log,248,1.8411654198,2.8003,442.80969896082564,1,7.3072,-6.8792,289558158807412.7,7.556116847615999e-27
Geometry-329-.log,329,0.9500532146,3.3363,371.66921439918474,1,7.3072,-5.8671,nan,nan
Geometry-249-.log,249,1.7029284917,3.1254,396.74921610033914,3,9.7237,2.9966,290034176394987.3,5.77701532016e-27
Geometry-411-.log,411,0.9898123336,3.174,390.67422810333966,6,18.2348,2.6754,nan,nan
Geometry-250-.log,250,0.6404922395,3.1941,388.21577283115744,1,7.3072,7.2307,290088124175875.0,5.7869785543999986e-27
Geometry-330-.log,330,0.9322473337,3.113,398.32958560873755,1,7.3072,3.9963,nan,nan
Geometry-251-.log,251,1.1724834466,3.2314,383.7346041963236,3,9.7237,7.1724,290133068102271.0,5.6938223142560005e-27
Geometry-252-.log,252,1.5455067421,2.7376,452.9514903565167,2,8.6795,6.9772,293699837691033.0,5.8912604061119996e-27
Geometry-331-.log,331,1.207700518,3.3172,373.80923670565534,1,7.3072,3.514,nan,nan
Geometry-253-.log,253,1.2705416497,2.8052,442.03621845144727,5,17.7354,-5.3938,293725210477644.7,5.886278788992e-27
Geometry-412-.log,412,1.8473020152,3.03,409.2409240924093,3,9.7237,4.7447,nan,nan
Geometry-254-.log,254,0.8829441421,2.9841,415.5356723970376,3,9.7237,-3.695,293931432651233.6,5.8107242626719986e-27
Geometry-332-.log,332,1.1010315355,3.1163,397.90777524628567,2,8.6795,-6.7151,nan,nan
Geometry-255-.log,255,1.3829428052,2.9097,426.16077258823935,2,8.6795,7.294,295189824917290.0,1.2954031104944002e-26
Geometry-256-.log,256,1.1540588755,3.0724,403.5932821247233,4,11.7471,5.077,295195532381538.94,1.2962499854048002e-26
Geometry-333-.log,333,1.3415775249,3.1819,389.7042647474779,3,9.7237,-2.7027,nan,nan
Geometry-257-.log,257,1.4978880715,2.9556,419.5425632697253,3,9.7237,-3.7394,303732693360958.8,2.0256417587248002e-26
Geometry-413-.log,413,1.1986324641,3.0194,410.6776180698152,2,8.6795,4.4956,nan,nan
Geometry-258-.log,258,1.2466633742,2.9149,425.400528320011,2,8.6795,7.0,308884668762705.25,1.2819195334896001e-26
Geometry-334-.log,334,1.4683231411,2.9231,424.2071773117581,1,7.3072,-5.9955,nan,nan
Geometry-259-.log,259,0.9313831857,3.1797,389.9738969085134,5,17.7354,-3.2509,309307209482284.0,1.2670577090816001e-26
Geometry-260-.log,260,1.5065541026,3.0334,408.7822245664931,2,8.6795,-7.7437,309317607238935.5,1.2670411036911999e-26
Geometry-335-.log,335,0.9679317165,2.8737,431.4994606256742,1,7.3072,-4.5496,nan,nan
Geometry-261-.log,261,1.6025130419,2.9539,419.78401435390504,1,7.3072,4.0835,312330055844469.9,1.1572462623664e-26
Geometry-414-.log,414,1.4531111694,3.121,397.30855495033643,4,11.7471,4.6928,nan,nan
Geometry-262-.log,262,1.3220123651,3.1296,396.21676891615544,2,8.6795,4.0471,312390916626609.6,1.1569473653392e-26
Geometry-336-.log,336,1.5171108976,3.0582,405.46726832777455,4,11.7471,5.8992,nan,nan
Geometry-263-.log,263,0.9893520875,2.9184,424.890350877193,2,8.6795,-4.6698,312394363708977.8,1.1575451593936e-26
Geometry-264-.log,264,0.7762370828,3.2314,383.7346041963236,1,7.3072,6.133,314381314728237.9,1.1389305167552e-26
Geometry-337-.log,337,1.3551657635,3.2736,378.78787878787875,5,17.7354,1.929,nan,nan
Geometry-265-.log,265,1.6501000989,3.0206,410.5144673243727,3,9.7237,-2.9049,314507425200669.2,1.1339488996351999e-26
Geometry-415-.log,415,1.5941287304,2.871,431.9052594914664,4,11.7471,-3.9186,nan,nan
Geometry-266-.log,266,0.5261104788,3.1818,389.71651266578664,5,17.7354,6.0063,314543760839402.56,1.1358917303119998e-26
Geometry-338-.log,338,0.7508860436,3.118,397.69082745349584,1,7.3072,7.7094,nan,nan
Geometry-267-.log,267,1.6244251698,2.9008,427.46828461114177,4,11.7471,-8.8396,315339396424918.2,1.3098165893616e-26
Geometry-268-.log,268,1.218622472,3.1667,391.5748255281523,2,8.6795,6.1435,315618911480991.1,1.2107322248448001e-26
Geometry-339-.log,339,0.7717563974,3.0473,406.9175991861648,2,8.6795,-4.2376,nan,nan
Geometry-269-.log,269,1.4388967191,3.0826,402.2578342957244,2,8.6795,-6.9261,315637408939382.1,1.2107488302351997e-26
Geometry-416-.log,416,1.4179264243,3.2612,380.22813688212926,3,9.7237,-3.3768,nan,nan
Geometry-270-.log,270,1.2852192216,3.0568,405.6529704265899,1,7.3072,-6.1472,316297704159786.56,1.8266261547808e-26
Geometry-340-.log,340,1.4320050389,3.2305,383.841510602074,4,11.7471,3.5781,nan,nan
Geometry-271-.log,271,1.5636156295,2.9816,415.8840890796888,1,7.3072,-5.2235,317339419986055.4,1.0664479876592001e-26
Geometry-272-.log,272,1.3385620523,2.9836,415.6053090226572,1,7.3072,7.2345,317366450386046.25,1.0670955978847997e-26
Geometry-341-.log,341,1.3807517926,2.8185,439.9503281887529,1,7.3072,-8.9408,nan,nan
Geometry-273-.log,273,1.2846348109,3.1626,392.0824637956112,1,7.3072,-4.3074,317421151627560.94,1.0657837720432e-26
Geometry-417-.log,417,1.3447371585,3.136,395.4081632653061,3,9.7237,5.3094,nan,nan
Geometry-274-.log,274,1.6260375458,3.1437,394.43967299678724,2,8.6795,-3.2201,320765367783645.4,1.2435112654944001e-26
Geometry-342-.log,342,1.5527752249,3.1356,395.45860441382825,2,8.6795,2.6818,nan,nan
Geometry-275-.log,275,1.0311505059,3.0992,400.1032524522457,4,11.7471,7.3404,320814681781677.5,1.2388949669632001e-26
Geometry-276-.log,276,1.2079470935,3.0713,403.73783088594405,1,7.3072,5.9519,320837473965641.94,1.2404724790511999e-26
Geometry-343-.log,343,1.1728271878,3.026,409.7818902842036,3,9.7237,-4.6931,nan,nan
Geometry-277-.log,277,0.9944908115,3.1515,393.4634301126448,1,7.3072,-5.8381,607450656566661.2,1.803179343536e-27
Geometry-418-.log,418,1.2991301926,3.009,412.0970422067132,6,18.2348,4.2274,nan,nan
Geometry-278-.log,278,1.594747416,2.7276,454.6121132130811,1,7.3072,-10.809,607451202825615.8,1.803013289632e-27
Geometry-344-.log,344,1.2486225163,3.0,413.3333333333333,2,8.6795,-6.5093,nan,nan
Geometry-279-.log,279,1.6318166635,3.0737,403.42258515795294,3,9.7237,3.925,607454781763593.8,1.803013289632e-27
Geometry-280-.log,280,1.4424344666,2.996,413.88518024032044,2,8.6795,-6.0096,608233163100752.8,1.8018509123040002e-27
Geometry-345-.log,345,1.4135429492,2.8841,429.9434832356714,1,7.3072,-4.8513,nan,nan
Geometry-281-.log,281,1.5933032141,3.0211,410.446526099765,2,8.6795,6.5027,608234651185490.9,1.8018509123040002e-27
Geometry-419-.log,419,1.2602737471,2.9785,416.3169380560685,2,8.6795,4.0796,nan,nan
Geometry-282-.log,282,0.9539633897,2.9905,414.6463802039793,4,11.7471,-4.2605,608248853918308.5,1.8018509123040002e-27
Geometry-346-.log,346,1.2970003045,2.8556,434.23448662277633,4,11.7471,4.5148,nan,nan
Geometry-283-.log,283,1.5496606426,2.8633,433.06674117277265,1,7.3072,-5.7419,608896754711400.0,1.809821499696e-27
Geometry-284-.log,284,1.374741847,3.1295,396.2294296213452,2,8.6795,4.0956,608905381835578.2,1.8096554457920003e-27
Geometry-347-.log,347,1.9682600785,3.0623,404.92440322633314,2,8.6795,-8.3032,nan,nan
Geometry-285-.log,285,1.395209933,2.8938,428.5023152947681,2,8.6795,7.5254,608915610063588.8,1.8096554457920003e-27
Geometry-420-.log,420,1.3656223989,2.969,417.64904008083533,1,7.3072,-10.5357,nan,nan
Geometry-286-.log,286,1.1195307185,3.1521,393.3885346277085,2,8.6795,-5.4147,609509826787012.0,1.80749674504e-27
Geometry-348-.log,348,1.1185487429,3.133,395.7867858282796,1,7.3072,4.9993,nan,nan
Geometry-287-.log,287,1.4428432965,2.8476,435.4544177553027,2,8.6795,-8.2063,609516909316905.0,1.80749674504e-27
Geometry-288-.log,288,1.1070611068,2.7507,450.7943432580797,1,7.3072,-9.5007,609531356924426.4,1.80749674504e-27
Geometry-349-.log,349,1.3931789038,2.933,422.77531537674736,1,7.3072,5.3542,nan,nan
Geometry-289-.log,289,1.2897520705,2.6636,465.53536567052106,2,8.6795,10.8641,610926313929112.6,1.813640739488e-27
Geometry-421-.log,421,1.2662870786,3.1338,395.68574893101027,5,17.7354,2.5066,nan,nan
Geometry-290-.log,290,2.0390142359,3.027,409.6465147010241,1,7.3072,-6.509,610929346608135.9,1.8134746855840002e-27
Geometry-350-.log,350,0.8649728009,2.8346,437.4514922740422,2,8.6795,-7.3629,nan,nan
Geometry-291-.log,291,1.6530267946,2.9667,417.9728317659352,3,9.7237,8.7657,610934206429179.5,1.813640739488e-27
Geometry-292-.log,292,1.3351440525,2.7121,457.21027985693746,2,8.6795,-8.3993,611504387758604.0,1.816297601952e-27
Geometry-351-.log,351,1.0485460595,3.1661,391.6490319320299,1,7.3072,-2.8864,nan,nan
Geometry-293-.log,293,1.602746732,3.254,381.06945298094655,1,7.3072,-4.3737,611504877508011.5,1.8164636558560003e-27
Geometry-422-.log,422,1.2016136825,3.1185,397.62706429373094,2,8.6795,-2.5943,nan,nan
Geometry-294-.log,294,1.252335891,2.9921,414.42465158250053,4,11.7471,-3.6816,611514201583269.6,1.816131548048e-27
Geometry-352-.log,352,0.970737049,3.2164,385.52418853376446,3,9.7237,2.0558,nan,nan
Geometry-295-.log,295,0.9833732331,3.0875,401.6194331983806,1,7.3072,6.6127,611747830887163.0,1.8111499309280003e-27
Geometry-296-.log,296,1.536223621,2.7963,443.4431212673891,1,7.3072,6.1406,611789026346940.0,1.811315984832e-27
Geometry-353-.log,353,1.2670984704,3.146,394.15130324221235,1,7.3072,4.6087,nan,nan
Geometry-297-.log,297,1.3201556648,3.153,393.27624484617826,2,8.6795,-2.392,611835966943997.4,1.8119802004479998e-27
Geometry-323-.log,323,1.3532909526,3.2193,385.1769018109527,2,8.6795,-4.5549,nan,nan
Geometry-423-.log,423,1.1892850023,3.3556,369.53152938371676,1,7.3072,4.5372,nan,nan
Geometry-324-.log,324,1.3282035213,3.0273,409.60591946619104,1,7.3072,4.6221,nan,nan
Geometry-325-.log,325,1.2569352231,3.0776,402.91135950090984,1,7.3072,-4.7172,nan,nan
Geometry-424-.log,424,1.7067437276,2.9833,415.64710220225925,1,7.3072,-7.2591,nan,nan
Geometry-326-.log,326,0.680893234,3.2717,379.0078552434514,2,8.6795,-1.8739,nan,nan
Geometry-327-.log,327,1.6749046625,2.9891,414.84058746779965,3,9.7237,4.7006,nan,nan
Geometry-425-.log,425,1.1696996761,3.025,409.91735537190084,2,8.6795,5.9515,nan,nan
Geometry-328-.log,328,1.1261194323,2.7473,451.35223674152803,3,9.7237,5.6431,nan,nan
Geometry-437-.log,437,0.7071099003,3.0453,407.18484221587363,1,7.3072,3.8031,nan,nan
Geometry-354-.log,354,1.1071192371,3.0683,404.1325815598214,4,11.7471,2.8519,nan,nan
Geometry-355-.log,355,0.6517545405,3.1165,397.8822396919622,1,7.3072,4.1764,nan,nan
Geometry-438-.log,438,2.0835305777,2.9834,415.63317020848694,3,9.7237,-4.8785,nan,nan
Geometry-356-.log,356,0.7540577365,3.0798,402.62354698357035,2,8.6795,-4.0282,nan,nan
Geometry-357-.log,357,1.7380241008,2.996,413.88518024032044,1,7.3072,-5.6565,nan,nan
Geometry-439-.log,439,0.9291628853,3.1304,396.1155123945822,2,8.6795,2.5913,nan,nan
Geometry-358-.log,358,1.3250381549,2.9363,422.3001736879746,1,7.3072,-4.1665,nan,nan
Geometry-359-.log,359,1.3653605636,2.8988,427.7632123637367,1,7.3072,7.5719,nan,nan
Geometry-440-.log,440,0.7651449051,3.2126,385.9802029508809,4,11.7471,-3.6344,nan,nan
Geometry-360-.log,360,0.7689645332,3.1981,387.7302148150464,3,9.7237,-6.4199,nan,nan
Geometry-361-.log,361,1.0173712343,3.1634,391.9833090978061,1,7.3072,6.1582,nan,nan
Geometry-441-.log,441,1.2878266559,3.0976,400.3099173553719,2,8.6795,-3.9447,nan,nan
Geometry-362-.log,362,1.2510935844,3.1443,394.3644054320517,2,8.6795,-3.7821,nan,nan
Geometry-363-.log,363,1.5246358875,2.7588,449.47078439901406,1,7.3072,-12.5884,nan,nan
Geometry-442-.log,442,1.4961512605,2.9528,419.9403955567597,2,8.6795,5.2917,nan,nan
Geometry-364-.log,364,1.3539438552,2.9596,418.9755372347615,6,18.2348,-3.6312,nan,nan
Geometry-365-.log,365,0.9702577612,3.1242,396.9016068113437,2,8.6795,-6.644,nan,nan
Geometry-443-.log,443,1.3564867098,3.1604,392.3553980508796,3,9.7237,5.3034,nan,nan
Geometry-366-.log,366,1.1143294457,3.1082,398.9447268515539,6,18.2348,-2.9827,nan,nan
Geometry-367-.log,367,1.5899308402,2.8506,434.99614116326387,1,7.3072,8.5661,nan,nan
Geometry-444-.log,444,1.0727998423,3.021,410.46011254551473,2,8.6795,2.2966,nan,nan
Geometry-368-.log,368,1.397177612,3.0683,404.1325815598214,2,8.6795,4.0355,nan,nan
Geometry-369-.log,369,1.6281014091,3.0671,404.29069805353595,1,7.3072,-4.5503,nan,nan
Geometry-445-.log,445,1.5235498249,3.1721,390.9082311402541,4,11.7471,3.5656,nan,nan
Geometry-370-.log,370,0.7967575146,2.9697,417.5505943361282,4,11.7471,-2.9859,nan,nan
Geometry-371-.log,371,1.1015731428,3.0697,403.9482685604456,7,28.1481,-2.5074,nan,nan
Geometry-446-.log,446,1.1232552409,3.1379,395.16874342713277,2,8.6795,-5.5664,nan,nan
Geometry-372-.log,372,1.0610391018,2.8097,441.3282556856604,1,7.3072,-7.3726,nan,nan
Geometry-373-.log,373,1.5613102412,3.0675,404.237978810106,2,8.6795,3.4962,nan,nan
Geometry-447-.log,447,1.4199363037,2.97,417.5084175084175,1,7.3072,5.9177,nan,nan
Geometry-374-.log,374,1.7918349693,3.1198,397.4613757292134,5,17.7354,-2.7214,nan,nan
Geometry-375-.log,375,1.13664728,3.3197,373.52772840919357,1,7.3072,-7.8812,nan,nan
Geometry-448-.log,448,1.1684951468,2.842,436.3124560168895,2,8.6795,4.0951,nan,nan
Geometry-376-.log,376,1.6048165203,3.1095,398.7779385753336,1,7.3072,6.6636,nan,nan
Geometry-377-.log,377,1.5313344673,2.9742,416.91883531706003,6,18.2348,-4.388,nan,nan
Geometry-449-.log,449,1.4499143715,2.698,459.5997034840623,1,7.3072,-7.9351,nan,nan
Geometry-378-.log,378,1.4455860742,3.1855,389.2638518285983,1,7.3072,2.2405,nan,nan
Geometry-379-.log,379,0.9085678516,3.0804,402.54512400986886,3,9.7237,-2.5112,nan,nan
Geometry-450-.log,450,1.0166905438,3.0961,400.5038596944543,3,9.7237,-6.0105,nan,nan
Geometry-380-.log,380,1.2644682616,3.2333,383.5091083413231,6,18.2348,3.0656,nan,nan
Geometry-381-.log,381,1.5624698512,3.1609,392.29333417697495,2,8.6795,-2.2529,nan,nan
Geometry-451-.log,451,0.8708803181,3.1724,390.8712646576724,7,28.1481,2.6788,nan,nan
Geometry-382-.log,382,1.0094965702,3.2746,378.67220423868565,2,8.6795,-4.6275,nan,nan
Geometry-383-.log,383,1.2349981576,3.0405,407.8276599243545,3,9.7237,-8.2024,nan,nan
Geometry-452-.log,452,1.3924464562,3.2472,381.86745503818673,2,8.6795,-3.9591,nan,nan
Geometry-384-.log,384,1.0534262895,3.145,394.2766295707472,3,9.7237,-7.245,nan,nan
Geometry-385-.log,385,1.2594605757,3.2049,386.90754781740463,1,7.3072,-6.3626,nan,nan
Geometry-453-.log,453,1.6588227064,3.0266,409.70065419943165,1,7.3072,-3.4723,nan,nan
Geometry-386-.log,386,1.6397255048,3.0844,402.0230839061081,3,9.7237,-4.8923,nan,nan
Geometry-387-.log,387,1.4119314055,3.3051,375.177755589846,4,11.7471,4.3978,nan,nan
Geometry-454-.log,454,1.6518255007,3.1134,398.2784094559003,5,17.7354,3.2009,nan,nan
Geometry-388-.log,388,1.7878242274,2.9125,425.7510729613734,1,7.3072,-7.7781,nan,nan
Geometry-389-.log,389,1.3950370015,2.9909,414.59092580828514,4,11.7471,-4.5545,nan,nan
Geometry-455-.log,455,1.5943267214,3.1445,394.3393226268087,2,8.6795,4.6231,nan,nan
Geometry-390-.log,390,1.870592958,2.789,444.6038006453926,2,8.6795,8.5888,nan,nan
Geometry-391-.log,391,1.3708437153,2.9439,421.2099595774313,3,9.7237,-4.0444,nan,nan
Geometry-456-.log,456,1.6348268776,2.9992,413.44358495598823,4,11.7471,-4.7973,nan,nan
Geometry-392-.log,392,1.5482707479,2.9306,423.12154507609364,2,8.6795,4.6778,nan,nan
Geometry-393-.log,393,1.4960273048,3.1714,390.99451346408523,2,8.6795,5.9286,nan,nan
Geometry-457-.log,457,1.8766259295,2.9795,416.17721094143315,1,7.3072,-7.3475,nan,nan
Geometry-394-.log,394,1.3776921202,3.1339,395.6731229458502,1,7.3072,5.6362,nan,nan
Geometry-395-.log,395,1.4709321819,3.0589,405.3744810225898,1,7.3072,-3.5751,nan,nan
Geometry-458-.log,458,1.3333359591,3.1057,399.265865988344,1,7.3072,-3.6775,nan,nan
Geometry-396-.log,396,1.2101376128,3.1805,389.8758056909291,3,9.7237,5.6928,nan,nan
Geometry-397-.log,397,1.1656804567,2.87,432.05574912891984,4,11.7471,5.3706,nan,nan
Geometry-426-.log,426,1.7483154667,2.7755,446.76634840569267,1,7.3072,-10.9201,nan,nan
Geometry-427-.log,427,1.2865046732,2.7693,447.7665836131875,1,7.3072,-9.4033,nan,nan
Geometry-428-.log,428,1.4069803487,3.1362,395.38294751610226,4,11.7471,4.8774,nan,nan
Geometry-429-.log,429,0.7269816544,3.0769,403.0030225226689,2,8.6795,-9.0411,nan,nan
Geometry-430-.log,430,0.8149378726,2.9343,422.58801076917837,4,11.7471,4.9338,nan,nan
Geometry-431-.log,431,1.0646776806,2.7615,449.0313235560384,4,11.7471,5.8281,nan,nan
Geometry-432-.log,432,1.3600352972,3.2566,380.7652152551741,4,11.7471,-4.7329,nan,nan
Geometry-433-.log,433,1.3159985011,3.1165,397.8822396919622,4,11.7471,-2.9199,nan,nan
Geometry-434-.log,434,1.5248137342,3.0229,410.2021237884151,3,9.7237,-6.5159,nan,nan
Geometry-435-.log,435,1.1558962864,2.8671,432.4927627219141,2,8.6795,7.0087,nan,nan
Geometry-436-.log,436,1.108061352,2.5986,477.1800200107751,2,8.6795,9.3387,nan,nan
Geometry-459-.log,459,1.8219400498,2.9602,418.8906154989528,1,7.3072,-4.3209,nan,nan
Geometry-460-.log,460,1.0903577854,3.1135,398.26561747229806,2,8.6795,3.515,nan,nan
Geometry-461-.log,461,1.1762453181,3.184,389.4472361809045,3,9.7237,5.9217,nan,nan
Geometry-462-.log,462,1.109132534,3.0656,404.4885177453027,1,7.3072,-6.6098,nan,nan
Geometry-463-.log,463,1.0586341584,3.3072,374.9395258829221,4,11.7471,-6.7802,nan,nan
Geometry-464-.log,464,1.5255183469,3.2833,377.6688088203941,1,7.3072,-4.9479,nan,nan
Geometry-465-.log,465,0.9620320389,3.0317,409.0114457235215,3,9.7237,-4.8721,nan,nan
Geometry-466-.log,466,1.2255720456,2.7926,444.03065243858765,2,8.6795,7.207,nan,nan
Geometry-467-.log,467,1.2924425486,3.2597,380.4031045801761,4,11.7471,-2.9758,nan,nan
Geometry-468-.log,468,1.2072771301,3.2064,386.72654690618765,1,7.3072,-2.3515,nan,nan
Geometry-469-.log,469,1.6626584547,3.2935,376.4991650220131,1,7.3072,-3.5874,nan,nan
Geometry-470-.log,470,1.4406011703,3.0875,401.6194331983806,2,8.6795,4.0275,nan,nan
Geometry-471-.log,471,1.6426199288,3.0926,400.95712345599173,3,9.7237,6.9396,nan,nan
Geometry-472-.log,472,1.060534013,3.007,412.3711340206185,2,8.6795,-8.4978,nan,nan
Geometry-473-.log,473,0.7416214044,3.3759,367.30945821854914,3,9.7237,-3.0357,nan,nan
Geometry-474-.log,474,1.0832475779,3.0393,407.9886816043168,3,9.7237,-4.0438,nan,nan
Geometry-475-.log,475,0.9969412563,3.2173,385.4163428962174,2,8.6795,-2.6318,nan,nan
Geometry-476-.log,476,1.4176310749,3.0798,402.62354698357035,1,7.3072,5.6887,nan,nan
Geometry-477-.log,477,1.5883954978,3.0166,411.05880792945703,2,8.6795,-3.4377,nan,nan
Geometry-478-.log,478,0.7886687983,3.0508,406.45076701193125,3,9.7237,-3.6473,nan,nan
Geometry-479-.log,479,0.9932810969,3.3035,375.3594672317239,4,11.7471,2.8395,nan,nan
Geometry-480-.log,480,1.3104821719,3.0934,400.8534298829767,1,7.3072,4.0711,nan,nan
Geometry-481-.log,481,1.8153664095,2.9618,418.664325747856,6,18.2348,5.6178,nan,nan
Geometry-482-.log,482,0.8247443272,3.136,395.4081632653061,1,7.3072,3.9353,nan,nan
Geometry-483-.log,483,1.5362766496,3.1925,388.41033672670324,7,28.1481,2.269,nan,nan
Geometry-484-.log,484,1.4939048923,2.7032,458.7155963302753,2,8.6795,6.8561,nan,nan
Geometry-485-.log,485,0.9596474788,3.261,380.2514566084023,5,17.7354,3.5829,nan,nan
Geometry-486-.log,486,1.5357904252,3.028,409.5112285336856,1,7.3072,-3.2014,nan,nan
Geometry-487-.log,487,1.2121422604,3.1706,391.0931684854602,1,7.3072,6.0403,nan,nan
Geometry-488-.log,488,1.4893024451,3.1267,396.584258163559,2,8.6795,-5.3231,nan,nan
Geometry-489-.log,489,1.4222275578,3.112,398.4575835475578,2,8.6795,-5.0645,nan,nan
Geometry-490-.log,490,1.5192152592,2.7892,444.5719202638749,1,7.3072,-6.4603,nan,nan
Geometry-491-.log,491,0.6456489395,3.2308,383.80586851553795,1,7.3072,7.1618,nan,nan
Geometry-492-.log,492,1.3059620309,3.1204,397.3849506473529,2,8.6795,6.6762,nan,nan
Geometry-493-.log,493,1.5290307318,3.0198,410.6232200808,2,8.6795,4.7859,nan,nan
Geometry-494-.log,494,1.0722690659,3.223,384.734719205709,1,7.3072,5.4336,nan,nan
Geometry-495-.log,495,1.2159617623,3.1231,397.0414011719125,1,7.3072,-4.6686,nan,nan
Geometry-496-.log,496,1.3215719113,2.9431,421.3244538072101,4,11.7471,5.4279,nan,nan
Geometry-497-.log,497,0.9731100856,3.2214,384.9258086546222,1,7.3072,-5.1166,nan,nan
